Filename,Document Title,Document Date,Sender/Organization,Bill Number,Position,Key Arguments,Stakeholders,Summary,Keywords,Word Count,Reading Time
LEGISLATIVE_TEST_SB1047.txt,Support for SB 1047 (Wiener),,AI Safety Coalition,SB 1047,Support,"Prevention of Catastrophic Harm: The bill targets models that could cause large-scale destruction or facilitate significant cyberattacks. | Whistleblower Protections: It guarantees whistleblowers the ability to report safety concerns without fearing retaliation, thus protecting important information regarding AI systems' impacts.",AI developers | Critical Infrastructure Employees,"The AI Safety Coalition supports SB 1047, which mandates safety protocols for powerful artificial intelligence models and includes whistleblower protections. They advocate that without such measures, public trust in AI technologies could be compromised.",Artificial Intelligence | Model Safety | Whistleblower Protection,253,1
2024-09-04_SB 1047_California Legislature.pdf,2024-09-04 SB 1047 California Legislature,,California Legislature,SB 1047,Informational,"To develop a coordinated plan for creating standards and technologies to determine digital content provenance. | Requires developers of AI models before training them to implement safety protocols, retain unredacted copies, report compliance annually, and grant Attorney General access to reports upon request. | Provides whistleblower protections for employees disclosing non-compliances or critical harm risks.","State government | California businesses, including startups and large companies | Residents of California","SB 1047 introduces regulations for the development of safe AI models in California to safeguard against harmful uses while fostering innovation. The bill emphasizes developer compliance, reporting protocols, and state oversight.",Artificial Intelligence | State Regulation | Digital Content Provenance | Public Safety | Innovation Oversight,8427,37
2024-07-01_Senate Bill Policy Committee Analysis_leemi;Patricia.Pfautch@lc.ca.gov.pdf,2024-07-01 Senate Bill Policy Committee Analysis,,Senate Policy Committee,SB 1047,Support if Amended,"The bill provides critical protections to mitigate the risks of catastrophic harms from AI models. | It introduces stringent oversight and safety protocols essential for responsible development in California, a global hub for technology innovation.",AI Developers | Employees of Developer Companies | Federal Government (for civil penalties) | State Attorney General's Office,SB 1047 proposes to require developers of advanced AI models in California to take specific actions and face penalties for non-compliance. It establishes oversight mechanisms through the creation of a Frontier Model Division within the Department of Technology.,Artificial Intelligence Safety | AI Development Regulation | Computational Power Limits | Whistleblower Protections for AI Workers | Model Oversight and Compliance,14758,66
SENATE_CONCURRENT_RESOLUTION_NO_82_Niello_20260104_124712.txt,SENATE CONCURRENT RESOLUTION NO 82 Niello 20260104 124712,,,"SCR 82, as introduced by Senator Niello on May 15, 2025",Support unless amended,Artificial intelligence presents opportunities and challenges for education. | Encourages responsible AI integration in higher education institutions. | Stresses on academic honesty while using artificial intelligence.,University of California | California State University | California Community Colleges | Faculty and Staff,The Senate Concurrent Resolution No. 82 urges the creation of a workgroup to review AI usage in public higher education with an emphasis on academic integrity. It encourages collaboration between three major California educational institutions.,Artificial Intelligence | Higher Education Integration | Academic Honesty | Best Practices Development | Workforce Training,681,3
enrichment_log.txt,enrichment log,,California Teachers Association,,Support if Amended,The enrichment process identified several areas in need of improvement to enhance public education. | Critical issues such as underfunded schools and outdated teaching materials were highlighted for immediate attention.,Teachers | Students,"The California Teachers Association has identified key areas within public education that require enhancements, notably underfunding and outdated materials.",Public Education Funding | Teacher Resources | Student Achievement,5766,26
2025-05-08_AB 412_California Legislature.pdf,2025-05-08 AB 412 California Legislature,,,AB 412,Support if Amended,"The bill mandates developers to document copyrighted materials used for training AI models, promoting transparency and protecting intellectual property. | It requires a mechanism on the developer's website for rights owners to submit requests regarding material use inquiries. | The legislation includes exemptions that alleviate concerns from developers about using open-source materials without compensation.",Rights Owners | Artificial Intelligence Developers | Californians (General Public),"AB 412 is a California bill that addresses the use of copyrighted materials in training artificial intelligence models. It requires developers to document and provide access for rights owners concerning their material's usage, excluding proprietary commercial AI systems.",Artificial Intelligence | Copyright Infringement Prevention | Data Transparency in Tech Development,2108,9
2026-01-04.vtt,Joint Hearing Senate Environmental Quality and Assembly Environmental Safety and Toxic Materials 12/11/2025,,Senator Steve Padilla,N/A,Supportive of addressing the issue and advocating for solutions.,"The Tijuana River sewage crisis is a decades-long, complex cross-jurisdictional environmental disaster with severe impacts on public health and local communities. | It requires immediate federal intervention alongside continued pressure for solutions. | Ongoing advocacy at all government levels shows the need for more attention, resources, and justice to affected families.",San Diego County residents | Scientists studying water quality | Public health professionals concerned about impacts on children's well-being,"In a joint hearing, Senator Steve Padilla supports urgent federal action to address the enduring Tijuana River sewage crisis affecting public health and local communities in San Diego County.",Tijuana River | environmental disaster | public health impacts | San Diego County | cross-border issue,26260,117
2003-12-02_Comments on the Administration’s Spending Limit Proposal_Dave Vasche conv.txt,2003-12-02 Comments on the Administration’s Spending Limit Proposal Dave Vasche conv,Unknown,Elizabeth G. Hill,N/A,Informational,"The measure proposes a stringent General Fund spending cap with significant reductions in Proposition 98 funding due to interactions between the new limit and existing legislation. | It grants extensive fiscal powers to the Governor, allowing for emergency budget changes without immediate legislative approval unless alternative solutions are adopted within tight time constraints.",Legislators of California | California citizens (especially those affected by education and local government spending) | State Governor,"Elizabeth G. Hill provides an analysis of the Administration's Spending Limit Proposal, highlighting its impact on Proposition 98 funding for K-12 education as well as implications regarding emergency fiscal powers granted to the Governor.",California Legislature | Spending Cap | Budget Reserve Fund Proposal | Gubernatorial Powers | Proposition 98,1268,6
2008-06-16_SB840_ Single-Payer Health Care System_Legislative Analyst's Office conv.txt,2008-06-16 SB840  Single-Payer Health Care System Legislative Analyst's Office conv,"May 22, 2008",Legislative Analyst's Office,SB 840,Informational,"The SPP would require the commissioner to seek all necessary waivers, exemptions, agreements, or legislation to allow various existing federal, state, and local health care payments to be paid to the system. | If negotiations with the federal government to incorporate existing health care programs into the system were unsuccessful, many of these programs would likely continue to operate apart from the system. | The SPP could redirect current funding towards a universal single-payer system.","California residents | Health care providers and hospitals in California | Current recipients of federal, state, and local health programs",The Legislative Analyst's Office provides a fiscal analysis for the single-payer proposal (SPP) outlined in SB 840 to address its potential impact on California’s budget deficit.,Single-Payer Health Care System | California Legislation | Universal Coverage | Fiscal Analysis | Health Benefits Costs,12769,57
1996-12-16_Understanding Proposition 218_LAO conv.txt,1996-12-16 Understanding Proposition 218 LAO conv,1996-12-16,Legislative Analyst’s Office,N/A,Informational,- Proposition 218 significantly changes local government finance. | - It seeks to ensure voter approval for all taxes and most charges on property owners in California. | - The measure aims to curb abuses of assessments not intended for general services.,Local governments | Residents | Property Owners,"Proposition 218, passed in California on November 6, 1996, imposes voter approval requirements for property tax increases and assessments to fund specific programs. This guide explains the measure's impact on local finance by restricting some revenue sources while potentially affecting others.",Proposition 218 | Local Government Finance | Property Taxes | Assessments and Fees Regulation | Voter Approval Requirement,9955,44
2001-05-10_Updated 2001 General Fund Revenue Projections conv.txt,2001-05-10 Updated 2001 General Fund Revenue Projections conv,"May 9, 2001",Legislative Analyst,N/A,Informational,"General Fund revenues will be $3.4 billion less than estimated. | The revised projections cause a significant deficit projected for the budget years of 2001-02 and 2nergized by current economic conditions that did not meet previous expectations, leading to reduced General Fund revenues. | To address this shortfall without creating further imbalance in subsequent years would require substantial ongoing expenditure reductions alongside one-time spending cuts.",Legislature | Government budget planners and executors,"The document alerts the Legislature to an impending $1.5 billion deficit in California's General Fund for FY2001-02, caused by lower than expected revenues due to economic conditions affecting personal income taxes and investments.",General Fund Revenue Projections | Budget Shortfall | Economic Downturn | One-time Cuts vs. Ongoing Spending Reductions | Proposition 98 funding,683,3
2008-01-22_Health Care Reform_Legislative Analyst's Office conv.txt,2008-01-22 Health Care Reform Legislative Analyst's Office conv,"Janu0y2, 2008",Senate,ABX1 1 Núñez,Informational,"The Health Care Reform (HCR) plan would create a large program affecting all Californians. | Initially sufficient revenues for the first year of operation, but by the fifth year costs exceed revenues significantly.",California residents | Employees and their dependents eligible to purchase insurance through Cal-CHIPP. | Individuals without employer coverage earning between 250 percent and 400 percent of FPL.,The Health Care Reform plan in California proposes significant healthcare changes with initial financial adequacy but potential shortfalls by the program's fifth year.,Health care reform | California government | Medi-Cal rate increases | Employer contributions | Premium levels,10763,48
"2000-01-20_Follow-Up to Commission on State Mandates, October 27, 1999_LAO conv.txt","2000-01-20 Follow-Up to Commission on State Mandates, October 27, 1999 LAO conv","October 27, 1999",Legislative Analyst’s Office,N/A,Oppose to the commission's interpretation of Chapter 797 intent regarding freezing local general fund contributions and linkage with full state plan funding.,"Linking a 'freeze in LGFC' conceptually suggests an intention towards permanent fiscal equalization, which contradicts the historical context where such disparities were considered undesirable and efforts to reduce them had been repeatedly discussed without resolution. The Legislature’s decision for a freeze does not inherently imply full funding of any Master Plan. | The inclusion of deficit factors in Chapter 797 implies an unwillingness by the legislature to fully commit state expenditure levels, which is inconsistent with claims that there was intent towards guaranteed 'full State Funding' for Special Education. The existence and purpose of such fiscal mechanisms as a deficit factor directly challenge assertions made in favor. | The imposition of an enrollment cap on special education funding suggests legislative intention to limit state costs, which is incongruent with claims that the Legislature intended full funding for all educational expenses. This implies restraint and budget control rather than a commitment towards unlimited financial support.",Local Education Agencies | School Districts Particularly within Riverside County Superintendent of Schools And Long Beach Unified School District Who Sent Responses To The Commission. | District Students Requiring Special Education Services.,"The Legislative Analyst’s Office disagrees with the commission's interpretation that legislation freezing local general fund contributions for special education was intended to guarantee full state support, arguing instead based on historical context and fiscal provisions of Chapter 797.",Special Education Funding | State Mandates Legislation - California (Chapter 797) | Local General Fund Contributions Freeze Analysis | Deficit Factor & Enrollment Cap in Special Ed Financing,2165,10
1996-09-23_UPDATE SEPTEMBER 1996_LAO conv.txt,1996-09-23 UPDATE SEPTEMBER 1996 LAO conv,1996-09-23,Legisla-tive Analyst’s OFFICE,N/A,Informational,"The Bay-Delta serves as an important agricultural region with its productivity depending on levees and freshwater releases. | Diversion of water for other uses reduces the volume available to control salinity, impacting flood protection. | To address declining fish and wildlife habitat in the Bay-Delta.",Water right holders | Domestic users | Industrial users | Agricultural landowners,"The document provides an analysis of the water supply problem in California, highlighting key issues related to the Bay-Delta and suggesting legislative involvement for solutions.",California Water Problem | Bay-Delta Ecosystem Restoration | Water Conveyance Systems | Levee Stability & Agricultural Production | Federal and State Legislation,1571,7
2023-06-07_Governor’s Infrastructure Proposals_ Issues for Legislative Consideration_LAO conv.txt,2023-06-07 Governor’s Infrastructure Proposals  Issues for Legislative Consideration LAO conv,2023-06-07,Legislative Analyst’s Office,N/A,Informational,"Proposals seek to expedite projects which could reduce environmental protections and legislative oversight. | Some proposals delegate significant authority to administration with minimal opportunity for legislative involvement, raising concerns about democratic processes. | The document questions the urgency of immediate action needed by calling into question compelling evidence provided.",Environmental groups | Public interest advocates | Local communities,"Analyst's Office presents concerns regarding environmental, legislative oversight and democratic process implications of Governor’s infrastructure proposals aiming to expedite project completion.",Infrastructure Proposals | Environmental Impact | Legislative Oversight | Public Input | Cost Savings,906,4
2011-08-18_Farmers Field football stadium_Legislative Analyst's Office conv.txt,2011-08-18 Farmers Field football stadium Legislative Analyst's Office conv,"August 17, 2011",Legislative Analyst's Office,N/A,Neutral to Oppose,"The MOU limits the city’s general fund costs primarily by requiring AEG's payment for stadium construction. | Most of the project repayment sources are dependent on the success of the new stadium rather than improved operations at LACC, presenting a risk to city finances if AEG fails financially or struggles with its other businesses.  | The MOU may not fully account for future upgrades needed to maintain competitiveness over time and does not address potential one-time costs incurred by the city.","City of Los Angeles | Anschutz Entertainment Group (AEG) | Convention Sports and Leisure International for economic analysis, Metropolitan Research and Economics Consulting, PFK Consulting","The Legislative Analyst's Office reviewed a MOU between Anschutz Entertainment Group (AEG) and the City of Los Angeles concerning new facilities at LACC. While AEG would pay for most construction costs with private financing, risks remain if AEG fails or faces financial struggles.",Farmers Field football stadium | Anschutz Entertainment Group (AEG) | Los Angeles City Administrative Officer | LACC expansion hall | Mello-Roos bonds,3133,14
